,0
0,啊
1,我魏宇鑫今天冲死在这里
2,是什么
3,别看了
4,老师
5,你学不会的
6,是你吗
7,老婆
8,爱你
9,慈父和善的目光
10,神仙姐姐
11,诸君
12,北伐吧
13,姐姐好美我好爱
14,老婆
15,老婆
16,爱了爱了
17,俄语老师要是长这样
18,醒醒我没有俄语老师
19,不
20,雄
21,回家
22,这么白
23,姐姐给个姬会
24,俄国人都好好看啊
25,大伊万警告
26,诸君
27,老婆
28,这是我老婆
29,无敌侧脸
30,北伐
31,学俄语去
32,乌拉
33,每天一遍
34,汲
35,垂死病中惊坐起
36,牛批
37,你们收藏都不顺便点赞的吗
38,我竟然收藏过
39,震惊我自己一百年
40,姐姐给个姬会
41,绝了呀
42,韻
43,朱唇轻启
44,女同竟是我自己
45,垅
46,太绝了卧槽
47,把图片发给我
48,老婆
49,好看
50,每日一遍
51,女生再见
52,我弯了
53,嗨
54,老婆
55,小姐姐
56,你一次能喝多少伏特加
57,颜值真的超级漂亮
58,老婆子
59,胡林峰注意身体
60,姐姐给个姬会
61,靅
62,全妹
63,是你吗
64,真的很漂亮
65,好漂亮
66,好漂亮
67,只不过大部分成大妈了
68,俄罗斯漂亮的更多
69,啊啊啊啊好好看的姐姐
70,乌拉乌拉乌拉乌拉乌拉乌拉乌拉乌拉
71,觉得太一般了
72,觉得太一般了
73,太美了太美了斯哈斯哈
74,我直接自信
75,嗨
76,老婆
77,就图一乐
78,及图一乐
79,老婆
80,姐姐给个姬会
81,哇妈妈呀太好看了流口水
82,现在开始学俄语不晚吧
83,下辈子我也要当俄罗斯大美妞
84,不是啊
85,这长得犯规啊
86,强忍不冲
87,啊啊啊啊啊
88,太爱了
89,好白啊
90,这个姐姐
91,整形怪
92,女同竟是我自己
93,嗨
94,老婆
95,老婆
96,我
97,老婆
98,亲我
99,这是素颜吗
100,你看我有姬会吗
101,姐姐
102,别想了
103,俄罗斯的
104,当不了你老婆
105,可以直接叫爸爸
106,我愿意
107,诸君
108,拔刀吧
109,这是我的女人
110,完了
111,我弯了
112,她是俄罗斯版本的刘亦菲嘛
113,好美
114,谢尔曼
115,爱了爱了
116,他会乌拉吗
117,再来亿遍
118,求
119,夏剑常少冲点
120,老婆啊
121,啊啊啊啊啊啊啊啊啊
122,梦开始的地方
123,这该死的美
124,收复露西亚刻不容缓
125,我就是来听歌的
126,这么漂亮肯定是个男孩子吧
127,正主已经来到
128,站了
129,公主已经对不起了
130,仙女才对
131,好白
132,我的壁纸就是这个视频
133,姐姐娶我
134,梦开始的地方
135,天啊
136,这这这
137,不拿去种田
138,性感对我来说太容易了
139,必须西征
140,玄
141,姐姐
142,给个姬会
143,肌
144,老婆
145,没有弹幕
146,乌拉
147,但凡重婚不犯法我也不会想尽办法灭在场各位的口
148,里面有这个
149,评论了泡
150,我好像在天噜啦见过
151,我老婆谁也别跟我抢
152,老婆我爱你
153,老婆老婆
154,啊啊啊啊啊
155,谁能把我的弹幕赞变成彩色
156,我就把我孙女许配给他
157,我孙女
158,叫爷爷吧各位
159,越看越像我数学老师
160,帅哥美女谁不爱呢
161,长得真的很符合亚洲人审美
162,家妻献丑了兄弟们
163,这位女菩萨
164,平僧自动土大唐而来
165,果然美人在骨不在皮
166,羡慕哈
167,我们正常人都一样
168,太好看啦
169,老婆
170,嗨
171,啊啊啊啊啊啊啊
172,姐姐娶我
173,姐姐娶我
174,卧槽
175,每天一遍恋爱再见
176,我孙女
177,各位叫爷爷吧
178,老婆
179,不难看出是家妻
180,万收藏就里普
181,啊啊啊
182,啊
183,绝了绝了
184,太绝了
185,这颜值漂亮到极致
186,这可耻的收藏量
187,比点赞还多
188,女同竟是我自己
189,啊啊啊姐姐我可以
190,额
191,为什么会长得有点像我姐姐
192,跟眼镜广告似的拍的
193,防止早恋
194,哈哈哈
195,今晚就去解放俄罗斯
196,叫别人喊爹的弟弟
197,你有欠爷爷们都收拾了
198,这个是不是眼镜广告
199,国内画一字眉的都看看
200,傻不傻
201,拔枪吧各位
202,当年那个暴龙眼镜的广告真的迷死人
203,伟大俄罗斯
204,永远的联盟
205,刵
206,一般
207,歌不错
208,我擦
209,点赞比收藏少
210,太好看了
211,每天一遍
212,防止早恋
213,每天一遍
214,防止早恋
215,垂死病中惊坐起
216,女同竟是我自己
217,我直接自信
218,嗨老婆
219,我是直男
220,迱
221,这个姐姐已经来
222,站啦
223,岧
224,现在的年轻人啊
225,一堆老四皮
226,过几年就变大妈了
227,这播放量就离谱
228,利路修狂喜
229,她真的好白
230,气质真的好
231,呜呼
232,这还有人说不行
233,你身边都是天仙吗
234,好漂亮啊
235,老婆老婆我爱你
236,她来
237,站啦啊啊啊啊
238,蠜
239,零
240,不难看出是家妻
241,来了
242,老婆
243,我猜你们都知道这是我老婆吧
244,大家好
245,这是我老婆
246,大家好
247,这是我老婆
248,大家好
249,这是我老婆
250,大家好
251,这是我老婆
252,老婆
253,姐姐娶我
254,吾妻
255,谢谢陈展
256,我一女生疯狂心动
257,颒
258,哇
259,鋃
260,太美了吧
261,长的不错啊美
262,看完这个
263,可以增加造梦素材
264,老婆来
265,站了
266,拔刀吧
267,茒
268,姐姐性别不要卡太死
269,我老婆入住
270,站了
271,她来
272,站了
273,来
274,站了
275,嗨老婆
276,孩子她妈
277,你啥时候回来
278,女儿想你了
279,啊啊啊这颜是真实存在的吗
280,好耶
281,明天一遍
282,男人再见
283,眼镜店的吗
284,老婆老婆
285,好美啊
286,每日一遍
287,防止早恋
288,我的我的
289,不接受任何反驳
290,美女入驻
291,站啦
292,拉倒吧还
293,没法比
294,她是我的
295,拔刀吧诸君
296,每日一遍
297,帅哥再见
298,我老婆
299,我老婆
300,有来
301,站了
302,拔刀吧
303,天哪
304,啊啊啊啊啊啊啊啊啊啊啊啊啊啊啊好好看啊
305,现在来
306,站了
307,太好看了草
308,要是我也长成这样多好
309,姐姐
310,站有号了
311,姐姐给个姬会
312,姐姐有号啦
313,美女哈哈哈
314,她来
315,站了
316,弹幕多的我卡的很啊
317,这个侧颜爱了
318,妹妹好好看
319,爱了
320,榰
321,老婆来
322,站了
323,榰
324,老婆老婆
325,榰
326,小姐姐
327,站有号了
328,她来
329,站啦
330,我爱你
331,她今天入驻
332,站惹
333,姐姐入驻
334,站啦
335,她已来
336,站
337,忇
338,姐姐
339,站有号了
340,每天一遍防止早恋
341,这个小姐姐来
342,站啦
343,快去关注
344,有
345,站号
346,有
347,战号
348,来
349,站了
350,老婆
351,女同竟是我自己
352,小姐姐现在来
353,站了
354,老婆
355,收复俄罗斯
356,姐姐在站有账号了
357,姐姐在站有账号了
358,这不是
359,吗
360,兄弟们
361,我不是来拆散你们
362,我是来加入你们的
363,姐姐好漂亮
364,太好看了吧
365,姐夫们好
366,不是戴眼镜影响颜值
367,而是颜值高的人戴眼镜好看
368,这嘴太好看了
369,啊啊啊啊
370,我下贱
371,看完千万不要照镜子
372,不学习配不上啊
373,看到这些我就知道我要努力学习了
374,粕
375,的声音很有俄罗斯那味
376,姐姐杀我
377,姐姐杀我
378,别跟我抢老婆
379,老婆
380,人可生如蚁而美如神
381,女同竟是我自己
382,吴泳颉注意身体
383,吴泳颉注意
384,防早恋
385,防了个寂寞
386,功夫在高一枪撂倒
387,姐姐给个姬会
388,老婆
389,怎么这么白
390,姐姐给个会
391,姬
392,就看一眼
393,这是我的俄语老师
394,老婆
395,何似在人间
396,圆眼睛神颜
397,太太太白了
398,这脸这皮肤精心雕琢做梦都梦不到这么美啊
399,有谁还记得这是个眼镜广告
400,覣
401,好白
402,收藏比赞都多
403,前来净化眼睛
404,这羞耻的收藏数哈哈哈
405,保质期出生至生完孩子
406,教练
407,我要学俄语
408,姐姐娶我
409,谭梦男
410,好好看啊
411,天呐
412,好美
413,我的天呐
414,太好看了
415,上帝给他这个神仙颜值啊
416,看到这里
417,大家就散了吧
418,这个我预定了
419,乌拉
420,我去
421,我是个女同志
422,老婆婆
423,洵
424,弟弟喜欢
425,替弟弟看的
426,个人觉得
427,你们不要老叫别人老婆老婆的
428,开玩笑适度最好
429,天天这样说就没意思了
430,假如这个女孩是你妹妹或者姐姐
431,女朋友
432,别人一直这样说
433,你心里会怎么想
434,更何况这是我老婆
435,我希望朋友们都给我个面子
436,以后别拿你
437,这是墨镜广告么
438,这是我前女友
439,眼睛广告是吧
440,给我来十个
441,好看但是记不住
442,老婆老婆
443,这我闺女
444,推销眼睛的
445,姐姐给个姬会
446,这颜值爱了
447,姐姐给个姬会
448,啊啊啊啊啊啊啊啊啊啊啊
449,说颜值一般的是什么迷惑行为
450,每天一遍初恋再见
451,比墙还白
452,不会真有人是来听歌的吧
453,看看我老婆多漂亮啊
454,什么你们老婆
455,她是我老婆
456,不要瞎搞
457,万
458,的收藏量
459,说看这卑微的你
460,想这她拉奥力给的时候就不卑微了
461,白到发光的皮肤
462,我靠怎么能做到全方位无死角的好看的
463,我是她永远得不到的女人
464,各位
465,淡泊明志宁静致远
466,我老婆
467,拔刀吧
468,各位
469,拔刀吧诸位
470,我就没直过
471,收藏超过点赞可还行
472,姐姐
473,此女只应天上有
474,人间能得几回闻
475,哇
476,我去
477,拔刀吧
478,老婆看我看我
479,好了
480,她是我老婆了
481,二兄弟
482,你别进去啊
483,再美也逃不过那些一劫
484,占领克里姆林宫吧
485,我一个女生竟然想娶她当老婆
486,朋友叫我来看的
487,朋友说他很喜欢
488,啊啊啊看我老婆干嘛
489,没我老婆好看
490,太好看吧也
491,弯了弯了
492,我已经弯成弹簧了
493,直接点
494,我
495,嗨
496,老婆
497,鹁
498,嗨
499,老婆
500,蹁
501,诸君拔刀吧
502,杀我
503,小姐姐太美了
504,她好像就是之前那个游戏广告的
505,在
506,老婆
507,啊啊啊啊老婆
508,鉴定完毕
509,眼镜广告
510,冲啊
511,美
512,眼镜真好看
513,有点像实体娃娃耶
514,别想了
515,人家早结婚了
516,戴墨镜好绝
517,这眼镜我买了
518,女同竟是我自己
519,冰肌玉骨
520,老婆
521,关注一下眼镜
522,这是个眼镜广告集美
523,太美了
524,绝了
525,各位请尽快安排我和她的婚事
526,橆
527,各位请尽快安排我和她的婚事
528,鋧
529,橆
530,汝与那曹贼何异
531,汝与那曹贼何异
532,汝与那曹贼何异
533,汝与那曹贼何异
534,汝与那曹贼何异
535,神仙侧颜
536,这一幕真的好美
537,美得像个洋娃娃
538,要是会开坦克就更好了
539,遥
540,收藏超标了
541,裁
542,姐姐好美
543,可
544,耻
545,的
546,收
547,藏
548,量
549,传说中的收藏比点赞多系列吗
550,喀
551,秋
552,莎
553,今晚做梦有素材了
554,文明观看
555,女同竟是我自己
556,老婆
557,神仙姐姐
558,看看这收藏量
559,弯了
560,我的天皮肤白到发光啊哇哇哇
561,吸溜吸溜吸溜
562,成熟感觉
563,太漂亮了
564,美女姐姐
565,老婆
566,我太可以了
567,我可以
568,啊啊啊啊啊拔刀吧
569,北上俄国
570,也就比一般人美亿点点罢了
571,诸君
572,拔刀吧
573,柘
574,沉迷美色
575,我愿意去
576,我啊
577,我直接自信
578,嗨老婆
579,女同竟是我自己
580,你们冷静一点啊啊啊啊啊啊啊啊啊啊啊啊啊啊啊啊啊啊啊啊啊啊啊啊啊啊啊啊啊啊啊啊啊啊啊啊啊啊啊啊啊啊啊啊啊啊啊啊啊啊啊啊啊啊啊啊啊啊啊啊啊啊啊啊啊啊啊啊啊啊啊
581,肯定是卖眼镜的
582,卖眼镜的吧
583,我不管
584,到了我手机上的都是我老婆
585,我直接嗨老婆
586,我是来听音乐的
587,好吧
588,这妹妹叫什么名字
589,好想把你占为己有
590,都不知第几遍了
591,好想带你回家
592,冷静
593,弯了弯了
594,人间不直得
595,我老公啊
596,这也太美了吧
597,这皮肤
598,真实存在
599,不会爱了
600,窒息
601,好漂亮
602,本来就白还给高光
603,长在国人审美上
604,老婆
605,女同竟是我自己
606,收藏比赞还多
607,我相信看这个视频的一大半都是女生
608,这是毛子啊
609,晚安
610,姐姐
611,给个姬会
612,嗨
613,老婆
614,好白
615,焁
616,这波直接北伐
617,老婆老婆老婆老婆
618,尔等窥视吾妻
619,与那曹贼何异
620,这个胳肢窝怎么没有毛毛
621,我直接自信打招呼嗨老婆
622,老婆杀我
623,我弯了
624,我老婆
625,拔刀吧
626,每天一遍
627,我一定要去俄罗斯读大学
628,俄罗斯有什么好大学吗
629,直接
630,老婆
631,太好看了
632,冷静点
633,这是战斗民族
634,这是眼镜广告吗
635,老婆老婆
636,拔刀吧
637,其实是眼镜广告哦
638,姐姐给个姬会
639,啊啊啊啊绝美
640,与俄国联姻吧
641,乌拉
642,老婆我又来了
643,不行了不行了
644,那个气质绝了
645,我宣布我弯了
646,啊啊啊啊啊
647,我老婆
648,姐姐你是不是没见过太阳啊
649,我直接
650,嗨
651,老婆
652,每日一刷
653,只有热巴可以一战
654,你打不过熊
655,好爱姐姐
656,老婆
657,诸位拔刀吧
658,诸位霸道吧
659,我与那曹贼何异
660,我是她永远得不到的男人
661,我好爱小姐姐的侧脸
662,随便一截都是头像
663,阿伟好了
664,蜜桃美人啊
665,这也太白了吧
666,把她画下来
667,就好像是得到了一样
668,神女
669,真的长的好漂亮
670,这是我老婆
671,你们退下
672,老婆
673,大家冷静
674,她老公多到我都打不过来
675,欢迎回来
676,老婆老婆我爱你
677,好白
678,好好好好好好看
